USE DB09;

-- 1. ΕΙΣΑΓΩΓΗ ΠΕΡΙΟΧΩΝ (REGION)
INSERT INTO REGION (region_id, region_name, population, avg_income) VALUES 
(291, 'Αθήνα', 3500000, 25000.00),
(292, 'Θεσσαλονίκη', 1000000, 20000.00);

-- 2. ΕΙΣΑΓΩΓΗ ΠΕΛΑΤΩΝ (CLIENT)
INSERT INTO CLIENT (client_id, client_name, surname, afm, adress, region_id) VALUES 
(1, 'Γιάννης', 'Παπαδόπουλος', '123456789', 'Πατησίων 100', 291),
(2, 'Μαρία', 'Κυριακού', '987654321', 'Ελ.Βενιζέλου 50', 292),
(3, 'Νίκος', 'Αντωνίου', '112233445', 'Σταδίου 5', 291);


-- 3. ΕΙΣΑΓΩΓΗ ΤΗΛΕΦΩΝΩΝ (TELEPHONES)
INSERT INTO TELEPHONES (phone, client_id) VALUES 
('2101234567', 1),
('2310987654', 2),
('2105556677', 3);

-- 4. ΕΙΣΑΓΩΓΗ ΛΟΓΑΡΙΑΣΜΩΝ (ACCOUNT)
INSERT INTO ACCOUNT (account_number, account_balance, client_id) VALUES 
(1001, 5000.00, 1),
(1002, 3000.00, 2),
(1003, 15000.00, 3),
(1004,2000.00 , 1);

-- 5. ΕΙΣΑΓΩΓΗ ΣΥΝΔΕΣΕΩΝ ΠΕΛΑΤΗ-ΛΟΓΑΡΙΑΣΜΟΥ (OPENS)
INSERT INTO OPENS (account_number, client_id) VALUES 
(1001, 1),
(1002, 2),
(1003, 3),
(1004 ,1);

-- 6. ΕΙΣΑΓΩΓΗ ΥΠΟΤΥΠΩΝ ΛΟΓΑΡΙΑΣΜΩΝ (OPSEOS & tamieytirioy)
INSERT INTO OPSEOS (account_number, poso_uperanalipsis) VALUES 
 (1002, 1000.00), 
(1004, 500.00);
INSERT INTO tamieytirioy (account_number, epitokio) VALUES 
(1001, 0.015), 
(1003, 0.025);

-- 7. ΕΙΣΑΓΩΓΗ ΠΙΣΤΩΤΙΚΩΝ ΚΑΡΤΩΝ (CREDIT_CARD)
INSERT INTO CREDIT_CARD (card_number, limit, card_balance, card_epitokio, first_date, last_date, client_id, account_number) VALUES 
(1234567812345678, 5000.00, 1200.00, 15.0, '2022-01-01', '2025-12-31', 1, 1001),
(8765432187654321, 3000.00, 800.00, 14.5, '2022-02-01', '2026-01-31', 2, 1002),
(5555444433332222, 10000.00, 2000.00, 12.0, '2016-01-01', '2026-12-31', 3, 1003);

-- 8. ΕΙΣΑΓΩΓΗ ΚΑΤΑΣΤΗΜΑΤΩΝ (SHOPS)
INSERT INTO SHOPS (shop_id, shop_name, shops_service ,  region_id) VALUES 
(501, 'Ηλεκτρονικές Συσκευές ΑΕ',1, 291),
(502, 'Ρουχισμός Θεσσαλονίκης',2, 292);

-- 9. ΕΙΣΑΓΩΓΗ ΣΥΝΑΛΛΑΓΩΝ (EXCHANGE)
INSERT INTO EXCHANGE (exchange_number, exhange_amount, exchange_time, exchange_date, exchange_bankCode, shop_id, card_number) VALUES 
(9001, 105.00, '14:30:00', '2016-05-15', 123, 501, 1234567812345678),--1
(9002, 80.00, '10:15:00', '2016-06-10', 124, 502, 8765432187654321),
(9005, 120.50, '12:00:00', '2017-05-13', 123, 501, 1234567812345678),
(9006, 45.00, '15:30:00', '2017-05-17', 124, 502, 8765432187654321),
(9007, 60.00, '10:00:00', '2017-06-02', 123, 501, 1234567812345678),
(9008, 75.00, '11:00:00', '2017-06-05', 123, 501, 1234567812345678),--1
(9009, 80.00, '12:00:00', '2017-06-10', 123, 501, 8765432187654321),
(9010, 55.00, '13:00:00', '2017-06-15', 123, 501, 1234567812345678),--1
(9011, 90.00, '14:00:00', '2017-06-20', 123, 501, 1234567812345678),--1
(9012, 110.00, '15:00:00', '2017-06-25', 123, 501, 8765432187654321),
(9013, 100.00, '10:00:00', '2016-06-15', 123, 501, 1234567812345678),
(9014, 53.00, '09:00:00', '2017-01-10', 123, 501, 1234567812345678),--1
(9015, 49.00, '18:00:00', '2017-10-20', 123, 501, 8765432187654321),
(9020, 45.00, '11:20:00', '2017-06-05', 123, 501, 1234567812345678),--1
(9021, 1900.00, '19:45:00', '2017-06-15', 123, 501, 5555444433332222),
(9101, 48.00, '10:00', '2017-06-05', 123, 501, 1234567812345678), -- 1
(9102, 51.00, '11:00', '2017-06-10', 123, 502, 8765432187654321), 
(9103, 2000.00, '12:00', '2017-06-15', 123, 501, 5555444433332222); --  3
(9997, 3900.00, '12:00:00','2017-06-26', 1234567812345678);


-- 10. ΕΙΣΑΓΩΓΗ ΠΛΗΡΩΜΩΝ (PAYMENT)
INSERT INTO PAYMENT (payment_id, payment_amount, payment_date, client_id) VALUES 
(1, 200.00, '2017-06-05' , 1),
(2, 150.00, '2017-06-12', 2),
(3, 500.00, '2017-07-20', 1),
(4, 150.00, '2017-02-15', 1), 
(5, 300.50, '2017-04-10', 2), 
(6, 1200.00, '2017-06-20', 3), 
(7, 50.00, '2017-06-25', 1),  
(8, 450.00, '2017-08-12', 3), 
(9, 100.00, '2017-10-05', 2); 